file,bytes,MB,MiB,time,tp,filter,dir_mem,iter,blocksize,transfersize,isize,psize,size,options,read_time1,write_time1,read_time2,write_time2,read_time3,write_time3,read_time4,write_time4,read_time5,write_time5,read_time6,write_time6,read_time7,write_time7,read_tp,write_tp,prefix,n,ppn,config,timesteps,sync_t,nproc,rate_iops,rate_objs,total_time
passthrough-fuse-1-200-1000-1.txt,,,,,,passthrough,fuse,1,,,200,1000,,md,8.4491e-05,9.2526e-05,9.0437e-05,9.8825e-05,9.2386e-05,1.0059e-04,9.3765e-05,1.0276e-04,1.0026e-04,1.1153e-04,1.4565e-04,1.7367e-04,1.5065e-04,2.0883e-04,,,,,,,,,1,11679.5,2919.9,
passthrough-fuse-1-200-1000-1.txt,,,,,,passthrough,fuse,1,,,200,1000,,md,8.4491e-05,9.2526e-05,9.0437e-05,9.8825e-05,9.2386e-05,1.0059e-04,9.3765e-05,1.0276e-04,1.0026e-04,1.1153e-04,1.4565e-04,1.7367e-04,1.5065e-04,2.0883e-04,,,,,,,,,1,11679.5,2919.9,0
passthrough-fuse-1-200-1000-2.txt,,,,,,passthrough,fuse,1,,,200,1000,,md,1.0757e-04,1.1470e-04,1.2207e-04,1.3222e-04,1.2732e-04,1.3816e-04,1.3323e-04,1.4431e-04,1.3916e-04,1.5147e-04,1.9200e-04,1.8151e-04,3.5765e-04,9.7325e-04,,,,,,,,,2,17252.1,4313.0,0
passthrough-fuse-1-200-1000-2.txt,,,,,,passthrough,fuse,1,,,200,1000,,md,1.0757e-04,1.1470e-04,1.2207e-04,1.3222e-04,1.2732e-04,1.3816e-04,1.3323e-04,1.4431e-04,1.3916e-04,1.5147e-04,1.9200e-04,1.8151e-04,3.5765e-04,9.7325e-04,,,,,,,,,2,17252.1,4313.0,0
passthrough-fuse-1-200-1000-3.txt,,,,,,passthrough,fuse,1,,,200,1000,,md,1.2496e-04,1.3399e-04,1.5052e-04,1.6352e-04,1.6114e-04,1.7681e-04,1.7693e-04,1.8947e-04,1.9239e-04,2.0564e-04,2.3005e-04,2.5424e-04,2.4908e-04,4.5099e-04,,,,,,,,,3,20020.7,5005.2,0
passthrough-fuse-1-200-1000-3.txt,,,,,,passthrough,fuse,1,,,200,1000,,md,1.2496e-04,1.3399e-04,1.5052e-04,1.6352e-04,1.6114e-04,1.7681e-04,1.7693e-04,1.8947e-04,1.9239e-04,2.0564e-04,2.3005e-04,2.5424e-04,2.4908e-04,4.5099e-04,,,,,,,,,3,20020.7,5005.2,1
passthrough-fuse-1-200-1000-4.txt,,,,,,passthrough,fuse,1,,,200,1000,,md,9.7335e-05,1.1211e-04,1.6998e-04,1.8770e-04,1.9018e-04,2.1316e-04,2.2412e-04,2.4394e-04,2.5907e-04,2.7761e-04,3.7259e-04,3.9779e-04,7.7927e-04,1.8792e-03,,,,,,,,,4,20349.1,5087.3,1
passthrough-fuse-1-200-1000-4.txt,,,,,,passthrough,fuse,1,,,200,1000,,md,9.7335e-05,1.1211e-04,1.6998e-04,1.8770e-04,1.9018e-04,2.1316e-04,2.2412e-04,2.4394e-04,2.5907e-04,2.7761e-04,3.7259e-04,3.9779e-04,7.7927e-04,1.8792e-03,,,,,,,,,4,20349.1,5087.3,1
passthrough-fuse-1-500-1000-1.txt,,,,,,passthrough,fuse,1,,,500,1000,,md,8.8395e-05,9.5662e-05,9.1999e-05,1.0143e-04,9.3244e-05,1.0309e-04,9.5083e-05,1.0564e-04,1.0989e-04,1.2045e-04,1.4484e-04,1.6173e-04,1.6544e-04,2.0577e-04,,,,,,,,,1,11393.8,2848.5,1
passthrough-fuse-1-500-1000-1.txt,,,,,,passthrough,fuse,1,,,500,1000,,md,8.8395e-05,9.5662e-05,9.1999e-05,1.0143e-04,9.3244e-05,1.0309e-04,9.5083e-05,1.0564e-04,1.0989e-04,1.2045e-04,1.4484e-04,1.6173e-04,1.6544e-04,2.0577e-04,,,,,,,,,1,11393.8,2848.5,1
passthrough-fuse-1-500-1000-2.txt,,,,,,passthrough,fuse,1,,,500,1000,,md,9.6925e-05,1.0748e-04,1.2169e-04,1.3320e-04,1.2718e-04,1.3798e-04,1.3269e-04,1.4414e-04,1.3995e-04,1.4961e-04,1.7888e-04,2.0439e-04,1.1285e-03,1.0360e-03,,,,,,,,,2,17179.7,4294.9,1
passthrough-fuse-1-500-1000-2.txt,,,,,,passthrough,fuse,1,,,500,1000,,md,9.6925e-05,1.0748e-04,1.2169e-04,1.3320e-04,1.2718e-04,1.3798e-04,1.3269e-04,1.4414e-04,1.3995e-04,1.4961e-04,1.7888e-04,2.0439e-04,1.1285e-03,1.0360e-03,,,,,,,,,2,17179.7,4294.9,0
passthrough-fuse-1-500-1000-3.txt,,,,,,passthrough,fuse,1,,,500,1000,,md,1.2222e-04,1.2746e-04,1.5227e-04,1.6521e-04,1.6439e-04,1.7699e-04,1.7701e-04,1.9369e-04,1.9126e-04,2.0856e-04,2.3078e-04,2.5462e-04,4.6611e-04,4.1607e-04,,,,,,,,,3,19928.4,4982.1,0
passthrough-fuse-1-500-1000-3.txt,,,,,,passthrough,fuse,1,,,500,1000,,md,1.2222e-04,1.2746e-04,1.5227e-04,1.6521e-04,1.6439e-04,1.7699e-04,1.7701e-04,1.9369e-04,1.9126e-04,2.0856e-04,2.3078e-04,2.5462e-04,4.6611e-04,4.1607e-04,,,,,,,,,3,19928.4,4982.1,1
passthrough-fuse-1-500-1000-4.txt,,,,,,passthrough,fuse,1,,,500,1000,,md,1.2290e-04,1.3413e-04,1.7023e-04,1.8789e-04,1.9127e-04,2.1038e-04,2.1740e-04,2.4038e-04,2.5234e-04,2.7216e-04,3.3004e-04,3.4814e-04,5.2103e-04,7.9023e-04,,,,,,,,,4,22075.3,5518.8,1
passthrough-fuse-1-500-1000-4.txt,,,,,,passthrough,fuse,1,,,500,1000,,md,1.2290e-04,1.3413e-04,1.7023e-04,1.8789e-04,1.9127e-04,2.1038e-04,2.1740e-04,2.4038e-04,2.5234e-04,2.7216e-04,3.3004e-04,3.4814e-04,5.2103e-04,7.9023e-04,,,,,,,,,4,22075.3,5518.8,1
passthrough-fuse-2-200-1000-1.txt,,,,,,passthrough,fuse,2,,,200,1000,,md,8.8037e-05,9.9006e-05,9.3113e-05,1.0308e-04,9.5802e-05,1.0538e-04,1.1858e-04,1.1970e-04,1.4647e-04,1.6108e-04,1.9733e-04,1.9155e-04,3.6374e-04,2.2367e-04,,,,,,,,,1,10307.8,2576.9,1
passthrough-fuse-2-200-1000-1.txt,,,,,,passthrough,fuse,2,,,200,1000,,md,8.8037e-05,9.9006e-05,9.3113e-05,1.0308e-04,9.5802e-05,1.0538e-04,1.1858e-04,1.1970e-04,1.4647e-04,1.6108e-04,1.9733e-04,1.9155e-04,3.6374e-04,2.2367e-04,,,,,,,,,1,10307.8,2576.9,1
passthrough-fuse-2-200-1000-2.txt,,,,,,passthrough,fuse,2,,,200,1000,,md,1.0666e-04,1.1417e-04,1.2290e-04,1.3659e-04,1.2784e-04,1.4201e-04,1.3538e-04,1.4733e-04,1.4251e-04,1.5474e-04,2.0111e-04,1.8604e-04,3.7066e-04,2.4944e-04,,,,,,,,,2,17017.1,4254.3,1
passthrough-fuse-2-200-1000-2.txt,,,,,,passthrough,fuse,2,,,200,1000,,md,1.0666e-04,1.1417e-04,1.2290e-04,1.3659e-04,1.2784e-04,1.4201e-04,1.3538e-04,1.4733e-04,1.4251e-04,1.5474e-04,2.0111e-04,1.8604e-04,3.7066e-04,2.4944e-04,,,,,,,,,2,17017.1,4254.3,0
passthrough-fuse-2-200-1000-3.txt,,,,,,passthrough,fuse,2,,,200,1000,,md,9.6475e-05,1.0426e-04,1.5324e-04,1.6617e-04,1.6313e-04,1.7876e-04,1.7844e-04,1.9363e-04,1.9491e-04,2.1177e-04,2.4543e-04,2.7351e-04,3.6791e-04,3.2565e-04,,,,,,,,,3,19794.8,4948.7,0
passthrough-fuse-2-200-1000-3.txt,,,,,,passthrough,fuse,2,,,200,1000,,md,9.6475e-05,1.0426e-04,1.5324e-04,1.6617e-04,1.6313e-04,1.7876e-04,1.7844e-04,1.9363e-04,1.9491e-04,2.1177e-04,2.4543e-04,2.7351e-04,3.6791e-04,3.2565e-04,,,,,,,,,3,19794.8,4948.7,1
passthrough-fuse-2-200-1000-4.txt,,,,,,passthrough,fuse,2,,,200,1000,,md,1.2141e-04,1.4323e-04,1.7030e-04,1.8625e-04,1.9199e-04,2.0962e-04,2.2094e-04,2.3842e-04,2.5958e-04,2.7138e-04,3.1730e-04,3.5417e-04,4.3960e-04,1.2019e-03,,,,,,,,,4,21974.7,5493.7,1
passthrough-fuse-2-200-1000-4.txt,,,,,,passthrough,fuse,2,,,200,1000,,md,1.2141e-04,1.4323e-04,1.7030e-04,1.8625e-04,1.9199e-04,2.0962e-04,2.2094e-04,2.3842e-04,2.5958e-04,2.7138e-04,3.1730e-04,3.5417e-04,4.3960e-04,1.2019e-03,,,,,,,,,4,21974.7,5493.7,1
passthrough-fuse-2-500-1000-1.txt,,,,,,passthrough,fuse,2,,,500,1000,,md,8.4898e-05,9.2891e-05,9.2229e-05,1.0167e-04,9.3326e-05,1.0323e-04,9.4606e-05,1.0524e-04,1.0852e-04,1.2013e-04,1.6365e-04,1.5533e-04,2.6145e-04,1.9705e-04,,,,,,,,,1,11423.0,2855.7,1
passthrough-fuse-2-500-1000-1.txt,,,,,,passthrough,fuse,2,,,500,1000,,md,8.4898e-05,9.2891e-05,9.2229e-05,1.0167e-04,9.3326e-05,1.0323e-04,9.4606e-05,1.0524e-04,1.0852e-04,1.2013e-04,1.6365e-04,1.5533e-04,2.6145e-04,1.9705e-04,,,,,,,,,1,11423.0,2855.7,1
passthrough-fuse-2-500-1000-2.txt,,,,,,passthrough,fuse,2,,,500,1000,,md,1.0196e-04,1.0821e-04,1.2113e-04,1.3319e-04,1.2678e-04,1.3911e-04,1.3199e-04,1.4481e-04,1.3901e-04,1.5318e-04,1.6820e-04,2.0006e-04,2.6185e-04,1.1806e-03,,,,,,,,,2,17233.9,4308.5,1
passthrough-fuse-2-500-1000-2.txt,,,,,,passthrough,fuse,2,,,500,1000,,md,1.0196e-04,1.0821e-04,1.2113e-04,1.3319e-04,1.2678e-04,1.3911e-04,1.3199e-04,1.4481e-04,1.3901e-04,1.5318e-04,1.6820e-04,2.0006e-04,2.6185e-04,1.1806e-03,,,,,,,,,2,17233.9,4308.5,0
passthrough-fuse-2-500-1000-3.txt,,,,,,passthrough,fuse,2,,,500,1000,,md,1.2063e-04,1.3358e-04,1.5170e-04,1.6534e-04,1.6351e-04,1.7813e-04,1.7884e-04,1.9355e-04,1.9367e-04,2.1017e-04,2.3786e-04,2.7352e-04,6.2948e-04,2.2223e-03,,,,,,,,,3,19675.9,4919.0,0
passthrough-fuse-2-500-1000-3.txt,,,,,,passthrough,fuse,2,,,500,1000,,md,1.2063e-04,1.3358e-04,1.5170e-04,1.6534e-04,1.6351e-04,1.7813e-04,1.7884e-04,1.9355e-04,1.9367e-04,2.1017e-04,2.3786e-04,2.7352e-04,6.2948e-04,2.2223e-03,,,,,,,,,3,19675.9,4919.0,1
passthrough-fuse-2-500-1000-4.txt,,,,,,passthrough,fuse,2,,,500,1000,,md,1.0241e-04,1.1689e-04,1.6670e-04,1.8667e-04,1.8803e-04,2.1062e-04,2.1517e-04,2.4229e-04,2.4588e-04,2.8034e-04,3.3169e-04,3.8564e-04,4.4236e-04,1.8723e-03,,,,,,,,,4,22046.9,5511.7,1
passthrough-fuse-2-500-1000-4.txt,,,,,,passthrough,fuse,2,,,500,1000,,md,1.0241e-04,1.1689e-04,1.6670e-04,1.8667e-04,1.8803e-04,2.1062e-04,2.1517e-04,2.4229e-04,2.4588e-04,2.8034e-04,3.3169e-04,3.8564e-04,4.4236e-04,1.8723e-03,,,,,,,,,4,22046.9,5511.7,1
passthrough-fuse-3-200-1000-1.txt,,,,,,passthrough,fuse,3,,,200,1000,,md,8.9624e-05,9.8199e-05,9.2730e-05,1.0169e-04,9.3885e-05,1.0314e-04,9.6223e-05,1.0478e-04,1.1069e-04,1.1528e-04,1.6235e-04,2.0271e-04,1.6335e-04,2.0639e-04,,,,,,,,,1,11372.1,2843.0,1
passthrough-fuse-3-200-1000-1.txt,,,,,,passthrough,fuse,3,,,200,1000,,md,8.9624e-05,9.8199e-05,9.2730e-05,1.0169e-04,9.3885e-05,1.0314e-04,9.6223e-05,1.0478e-04,1.1069e-04,1.1528e-04,1.6235e-04,2.0271e-04,1.6335e-04,2.0639e-04,,,,,,,,,1,11372.1,2843.0,0
passthrough-fuse-3-200-1000-2.txt,,,,,,passthrough,fuse,3,,,200,1000,,md,1.0567e-04,1.1037e-04,1.2252e-04,1.3363e-04,1.2791e-04,1.4009e-04,1.3324e-04,1.4512e-04,1.3920e-04,1.5246e-04,1.8087e-04,1.8205e-04,1.9681e-04,2.3561e-04,,,,,,,,,2,17273.5,4318.4,0
passthrough-fuse-3-200-1000-2.txt,,,,,,passthrough,fuse,3,,,200,1000,,md,1.0567e-04,1.1037e-04,1.2252e-04,1.3363e-04,1.2791e-04,1.4009e-04,1.3324e-04,1.4512e-04,1.3920e-04,1.5246e-04,1.8087e-04,1.8205e-04,1.9681e-04,2.3561e-04,,,,,,,,,2,17273.5,4318.4,0
passthrough-fuse-3-200-1000-3.txt,,,,,,passthrough,fuse,3,,,200,1000,,md,1.2170e-04,1.3366e-04,1.5027e-04,1.6509e-04,1.6317e-04,1.7718e-04,1.7790e-04,1.9212e-04,1.9656e-04,2.0946e-04,2.2737e-04,2.5834e-04,3.4117e-04,5.6055e-04,,,,,,,,,3,19866.1,4966.5,0
passthrough-fuse-3-200-1000-3.txt,,,,,,passthrough,fuse,3,,,200,1000,,md,1.2170e-04,1.3366e-04,1.5027e-04,1.6509e-04,1.6317e-04,1.7718e-04,1.7790e-04,1.9212e-04,1.9656e-04,2.0946e-04,2.2737e-04,2.5834e-04,3.4117e-04,5.6055e-04,,,,,,,,,3,19866.1,4966.5,1
passthrough-fuse-3-200-1000-4.txt,,,,,,passthrough,fuse,3,,,200,1000,,md,1.2316e-04,1.4239e-04,1.7150e-04,1.8942e-04,1.9349e-04,2.1140e-04,2.2673e-04,2.4333e-04,2.5463e-04,2.8250e-04,3.2188e-04,3.6711e-04,4.4212e-04,6.6612e-04,,,,,,,,,4,21790.5,5447.6,1
passthrough-fuse-3-200-1000-4.txt,,,,,,passthrough,fuse,3,,,200,1000,,md,1.2316e-04,1.4239e-04,1.7150e-04,1.8942e-04,1.9349e-04,2.1140e-04,2.2673e-04,2.4333e-04,2.5463e-04,2.8250e-04,3.2188e-04,3.6711e-04,4.4212e-04,6.6612e-04,,,,,,,,,4,21790.5,5447.6,1
passthrough-fuse-3-500-1000-1.txt,,,,,,passthrough,fuse,3,,,500,1000,,md,8.8677e-05,9.7291e-05,9.2092e-05,1.0123e-04,9.3319e-05,1.0287e-04,9.5317e-05,1.0477e-04,1.1119e-04,1.1327e-04,1.6796e-04,1.5429e-04,2.3636e-04,2.2650e-04,,,,,,,,,1,11439.4,2859.8,1
passthrough-fuse-3-500-1000-1.txt,,,,,,passthrough,fuse,3,,,500,1000,,md,8.8677e-05,9.7291e-05,9.2092e-05,1.0123e-04,9.3319e-05,1.0287e-04,9.5317e-05,1.0477e-04,1.1119e-04,1.1327e-04,1.6796e-04,1.5429e-04,2.3636e-04,2.2650e-04,,,,,,,,,1,11439.4,2859.8,1
passthrough-fuse-3-500-1000-2.txt,,,,,,passthrough,fuse,3,,,500,1000,,md,9.4930e-05,1.0954e-04,1.2288e-04,1.3461e-04,1.2797e-04,1.4014e-04,1.3369e-04,1.4577e-04,1.4072e-04,1.5199e-04,1.9352e-04,1.9620e-04,1.0442e-03,2.3861e-04,,,,,,,,,2,17030.8,4257.7,1
passthrough-fuse-3-500-1000-2.txt,,,,,,passthrough,fuse,3,,,500,1000,,md,9.4930e-05,1.0954e-04,1.2288e-04,1.3461e-04,1.2797e-04,1.4014e-04,1.3369e-04,1.4577e-04,1.4072e-04,1.5199e-04,1.9352e-04,1.9620e-04,1.0442e-03,2.3861e-04,,,,,,,,,2,17030.8,4257.7,0
passthrough-fuse-3-500-1000-3.txt,,,,,,passthrough,fuse,3,,,500,1000,,md,9.1868e-05,1.0136e-04,1.5200e-04,1.6543e-04,1.6307e-04,1.7785e-04,1.7618e-04,1.9206e-04,1.9117e-04,2.0788e-04,2.3710e-04,2.5047e-04,4.0875e-04,3.8547e-04,,,,,,,,,3,20089.9,5022.5,0
passthrough-fuse-3-500-1000-3.txt,,,,,,passthrough,fuse,3,,,500,1000,,md,9.1868e-05,1.0136e-04,1.5200e-04,1.6543e-04,1.6307e-04,1.7785e-04,1.7618e-04,1.9206e-04,1.9117e-04,2.0788e-04,2.3710e-04,2.5047e-04,4.0875e-04,3.8547e-04,,,,,,,,,3,20089.9,5022.5,1
passthrough-fuse-3-500-1000-4.txt,,,,,,passthrough,fuse,3,,,500,1000,,md,1.2540e-04,1.3132e-04,1.6859e-04,1.8598e-04,1.8902e-04,2.0862e-04,2.1659e-04,2.3736e-04,2.4876e-04,2.7236e-04,3.2145e-04,3.5604e-04,8.4135e-04,4.7579e-04,,,,,,,,,4,22229.5,5557.4,1
passthrough-fuse-3-500-1000-4.txt,,,,,,passthrough,fuse,3,,,500,1000,,md,1.2540e-04,1.3132e-04,1.6859e-04,1.8598e-04,1.8902e-04,2.0862e-04,2.1659e-04,2.3736e-04,2.4876e-04,2.7236e-04,3.2145e-04,3.5604e-04,8.4135e-04,4.7579e-04,,,,,,,,,4,22229.5,5557.4,1
passthrough-tmpfs-1-200-1000-1.txt,,,,,,passthrough,tmpfs,1,,,200,1000,,md,4.4190e-06,6.9980e-06,4.9600e-06,7.7100e-06,5.2800e-06,8.2340e-06,1.4369e-05,2.1791e-05,2.3688e-05,4.8070e-05,6.9804e-05,1.1455e-04,1.2717e-04,1.1899e-04,,,,,,,,,1,80829.9,20207.5,1
passthrough-tmpfs-1-200-1000-1.txt,,,,,,passthrough,tmpfs,1,,,200,1000,,md,4.4190e-06,6.9980e-06,4.9600e-06,7.7100e-06,5.2800e-06,8.2340e-06,1.4369e-05,2.1791e-05,2.3688e-05,4.8070e-05,6.9804e-05,1.1455e-04,1.2717e-04,1.1899e-04,,,,,,,,,1,80829.9,20207.5,0
passthrough-tmpfs-1-200-1000-2.txt,,,,,,passthrough,tmpfs,1,,,200,1000,,md,5.6300e-06,8.5350e-06,7.4290e-06,1.1287e-05,7.5240e-06,1.1490e-05,7.7550e-06,1.1837e-05,9.3490e-06,1.3072e-05,1.4382e-05,1.9954e-05,2.9620e-05,2.8714e-05,,,,,,,,,2,249654.2,62413.5,0
passthrough-tmpfs-1-200-1000-2.txt,,,,,,passthrough,tmpfs,1,,,200,1000,,md,5.6300e-06,8.5350e-06,7.4290e-06,1.1287e-05,7.5240e-06,1.1490e-05,7.7550e-06,1.1837e-05,9.3490e-06,1.3072e-05,1.4382e-05,1.9954e-05,2.9620e-05,2.8714e-05,,,,,,,,,2,249654.2,62413.5,0
passthrough-tmpfs-1-200-1000-3.txt,,,,,,passthrough,tmpfs,1,,,200,1000,,md,3.6850e-06,5.6590e-06,4.5070e-06,6.2980e-06,5.9900e-06,1.0096e-05,6.6910e-06,1.0495e-05,7.5500e-06,1.1943e-05,1.3245e-05,1.9047e-05,2.0236e-05,2.6299e-05,,,,,,,,,3,421312.8,105328.2,0
passthrough-tmpfs-1-200-1000-3.txt,,,,,,passthrough,tmpfs,1,,,200,1000,,md,3.6850e-06,5.6590e-06,4.5070e-06,6.2980e-06,5.9900e-06,1.0096e-05,6.6910e-06,1.0495e-05,7.5500e-06,1.1943e-05,1.3245e-05,1.9047e-05,2.0236e-05,2.6299e-05,,,,,,,,,3,421312.8,105328.2,0
passthrough-tmpfs-1-200-1000-4.txt,,,,,,passthrough,tmpfs,1,,,200,1000,,md,7.4490e-06,1.4606e-05,1.2170e-05,2.0578e-05,1.2894e-05,2.0962e-05,1.3404e-05,2.1761e-05,1.7981e-05,2.9538e-05,2.2554e-05,3.6643e-05,3.2133e-05,4.8978e-05,,,,,,,,,4,272694.3,68173.6,0
passthrough-tmpfs-1-200-1000-4.txt,,,,,,passthrough,tmpfs,1,,,200,1000,,md,7.4490e-06,1.4606e-05,1.2170e-05,2.0578e-05,1.2894e-05,2.0962e-05,1.3404e-05,2.1761e-05,1.7981e-05,2.9538e-05,2.2554e-05,3.6643e-05,3.2133e-05,4.8978e-05,,,,,,,,,4,272694.3,68173.6,0
passthrough-tmpfs-1-500-1000-1.txt,,,,,,passthrough,tmpfs,1,,,500,1000,,md,5.3930e-06,8.5330e-06,5.6000e-06,9.0120e-06,7.0670e-06,1.1251e-05,7.6270e-06,1.2050e-05,1.0300e-05,1.6240e-05,1.4638e-05,2.1892e-05,1.8858e-05,2.7832e-04,,,,,,,,,1,131785.4,32946.4,0
passthrough-tmpfs-1-500-1000-1.txt,,,,,,passthrough,tmpfs,1,,,500,1000,,md,5.3930e-06,8.5330e-06,5.6000e-06,9.0120e-06,7.0670e-06,1.1251e-05,7.6270e-06,1.2050e-05,1.0300e-05,1.6240e-05,1.4638e-05,2.1892e-05,1.8858e-05,2.7832e-04,,,,,,,,,1,131785.4,32946.4,0
passthrough-tmpfs-1-500-1000-2.txt,,,,,,passthrough,tmpfs,1,,,500,1000,,md,6.3080e-06,9.5830e-06,6.4890e-06,1.0080e-05,6.5590e-06,1.0271e-05,6.7600e-06,1.0623e-05,7.9750e-06,1.1908e-05,1.1631e-05,1.6940e-05,2.1168e-05,3.4961e-05,,,,,,,,,2,280702.5,70175.6,0
passthrough-tmpfs-1-500-1000-2.txt,,,,,,passthrough,tmpfs,1,,,500,1000,,md,6.3080e-06,9.5830e-06,6.4890e-06,1.0080e-05,6.5590e-06,1.0271e-05,6.7600e-06,1.0623e-05,7.9750e-06,1.1908e-05,1.1631e-05,1.6940e-05,2.1168e-05,3.4961e-05,,,,,,,,,2,280702.5,70175.6,0
passthrough-tmpfs-1-500-1000-3.txt,,,,,,passthrough,tmpfs,1,,,500,1000,,md,3.9140e-06,6.1830e-06,5.0510e-06,7.6880e-06,6.9050e-06,1.0936e-05,7.3970e-06,1.2729e-05,8.5230e-06,1.3365e-05,1.4177e-05,1.9057e-05,3.2595e-05,3.0403e-05,,,,,,,,,3,374546.8,93636.7,0
passthrough-tmpfs-1-500-1000-3.txt,,,,,,passthrough,tmpfs,1,,,500,1000,,md,3.9140e-06,6.1830e-06,5.0510e-06,7.6880e-06,6.9050e-06,1.0936e-05,7.3970e-06,1.2729e-05,8.5230e-06,1.3365e-05,1.4177e-05,1.9057e-05,3.2595e-05,3.0403e-05,,,,,,,,,3,374546.8,93636.7,0
passthrough-tmpfs-1-500-1000-4.txt,,,,,,passthrough,tmpfs,1,,,500,1000,,md,5.9610e-06,1.1286e-05,8.4040e-06,1.3620e-05,9.7400e-06,1.5892e-05,1.0578e-05,1.7237e-05,1.2840e-05,2.0819e-05,1.7322e-05,2.8356e-05,1.3421e-04,2.9277e-04,,,,,,,,,4,368534.8,92133.7,0
passthrough-tmpfs-1-500-1000-4.txt,,,,,,passthrough,tmpfs,1,,,500,1000,,md,5.9610e-06,1.1286e-05,8.4040e-06,1.3620e-05,9.7400e-06,1.5892e-05,1.0578e-05,1.7237e-05,1.2840e-05,2.0819e-05,1.7322e-05,2.8356e-05,1.3421e-04,2.9277e-04,,,,,,,,,4,368534.8,92133.7,0
passthrough-tmpfs-2-200-1000-1.txt,,,,,,passthrough,tmpfs,2,,,200,1000,,md,1.0034e-05,1.5747e-05,1.8046e-05,2.8209e-05,1.8381e-05,2.9123e-05,1.9267e-05,3.0095e-05,2.0322e-05,3.1440e-05,3.2490e-05,6.4232e-05,4.4360e-05,9.6550e-05,,,,,,,,,1,55005.2,13751.3,0
passthrough-tmpfs-2-200-1000-1.txt,,,,,,passthrough,tmpfs,2,,,200,1000,,md,1.0034e-05,1.5747e-05,1.8046e-05,2.8209e-05,1.8381e-05,2.9123e-05,1.9267e-05,3.0095e-05,2.0322e-05,3.1440e-05,3.2490e-05,6.4232e-05,4.4360e-05,9.6550e-05,,,,,,,,,1,55005.2,13751.3,0
passthrough-tmpfs-2-200-1000-2.txt,,,,,,passthrough,tmpfs,2,,,200,1000,,md,4.5850e-06,6.8940e-06,4.8090e-06,7.2260e-06,4.9550e-06,7.4175e-06,5.8830e-06,8.5980e-06,7.1420e-06,9.6220e-06,1.6868e-05,1.9694e-05,6.3283e-05,2.5619e-05,,,,,,,,,2,357272.4,89318.1,0
passthrough-tmpfs-2-200-1000-2.txt,,,,,,passthrough,tmpfs,2,,,200,1000,,md,4.5850e-06,6.8940e-06,4.8090e-06,7.2260e-06,4.9550e-06,7.4175e-06,5.8830e-06,8.5980e-06,7.1420e-06,9.6220e-06,1.6868e-05,1.9694e-05,6.3283e-05,2.5619e-05,,,,,,,,,2,357272.4,89318.1,0
passthrough-tmpfs-2-200-1000-3.txt,,,,,,passthrough,tmpfs,2,,,200,1000,,md,3.9010e-06,6.0830e-06,5.2310e-06,7.6170e-06,6.5785e-06,1.0649e-05,7.2450e-06,1.1267e-05,8.4540e-06,1.3105e-05,1.3479e-05,2.1694e-05,2.3843e-05,3.1000e-05,,,,,,,,,3,387845.6,96961.4,0
passthrough-tmpfs-2-200-1000-3.txt,,,,,,passthrough,tmpfs,2,,,200,1000,,md,3.9010e-06,6.0830e-06,5.2310e-06,7.6170e-06,6.5785e-06,1.0649e-05,7.2450e-06,1.1267e-05,8.4540e-06,1.3105e-05,1.3479e-05,2.1694e-05,2.3843e-05,3.1000e-05,,,,,,,,,3,387845.6,96961.4,0
passthrough-tmpfs-2-200-1000-4.txt,,,,,,passthrough,tmpfs,2,,,200,1000,,md,7.6960e-06,1.4372e-05,1.0531e-05,1.9539e-05,1.1814e-05,2.0802e-05,1.2935e-05,2.1585e-05,1.3475e-05,2.3059e-05,1.9364e-05,3.5085e-05,2.1067e-05,8.0799e-05,,,,,,,,,4,297638.2,74409.6,0
passthrough-tmpfs-2-200-1000-4.txt,,,,,,passthrough,tmpfs,2,,,200,1000,,md,7.6960e-06,1.4372e-05,1.0531e-05,1.9539e-05,1.1814e-05,2.0802e-05,1.2935e-05,2.1585e-05,1.3475e-05,2.3059e-05,1.9364e-05,3.5085e-05,2.1067e-05,8.0799e-05,,,,,,,,,4,297638.2,74409.6,0
passthrough-tmpfs-2-500-1000-1.txt,,,,,,passthrough,tmpfs,2,,,500,1000,,md,5.6310e-06,9.5140e-06,6.9900e-06,1.1346e-05,7.7260e-06,1.2934e-05,1.0040e-05,1.6466e-05,1.3529e-05,1.9815e-05,2.5584e-05,2.7524e-05,5.5750e-05,4.5728e-05,,,,,,,,,1,104556.0,26139.0,0
passthrough-tmpfs-2-500-1000-1.txt,,,,,,passthrough,tmpfs,2,,,500,1000,,md,5.6310e-06,9.5140e-06,6.9900e-06,1.1346e-05,7.7260e-06,1.2934e-05,1.0040e-05,1.6466e-05,1.3529e-05,1.9815e-05,2.5584e-05,2.7524e-05,5.5750e-05,4.5728e-05,,,,,,,,,1,104556.0,26139.0,0
passthrough-tmpfs-2-500-1000-2.txt,,,,,,passthrough,tmpfs,2,,,500,1000,,md,3.8720e-06,5.9150e-06,4.1070e-06,6.3840e-06,4.7300e-06,7.1750e-06,4.8740e-06,7.4210e-06,5.5760e-06,8.5080e-06,1.0509e-05,1.4963e-05,2.4268e-05,2.7503e-05,,,,,,,,,2,407017.9,101754.5,0
passthrough-tmpfs-2-500-1000-2.txt,,,,,,passthrough,tmpfs,2,,,500,1000,,md,3.8720e-06,5.9150e-06,4.1070e-06,6.3840e-06,4.7300e-06,7.1750e-06,4.8740e-06,7.4210e-06,5.5760e-06,8.5080e-06,1.0509e-05,1.4963e-05,2.4268e-05,2.7503e-05,,,,,,,,,2,407017.9,101754.5,0
passthrough-tmpfs-2-500-1000-3.txt,,,,,,passthrough,tmpfs,2,,,500,1000,,md,3.9140e-06,6.0610e-06,4.9470e-06,7.5000e-06,6.0685e-06,1.0573e-05,7.1680e-06,1.1416e-05,8.4170e-06,1.2953e-05,1.3632e-05,1.8108e-05,3.6261e-05,2.7045e-05,,,,,,,,,3,390700.1,97675.0,0
passthrough-tmpfs-2-500-1000-3.txt,,,,,,passthrough,tmpfs,2,,,500,1000,,md,3.9140e-06,6.0610e-06,4.9470e-06,7.5000e-06,6.0685e-06,1.0573e-05,7.1680e-06,1.1416e-05,8.4170e-06,1.2953e-05,1.3632e-05,1.8108e-05,3.6261e-05,2.7045e-05,,,,,,,,,3,390700.1,97675.0,0
passthrough-tmpfs-2-500-1000-4.txt,,,,,,passthrough,tmpfs,2,,,500,1000,,md,4.6550e-06,8.0130e-06,6.0870e-06,1.0420e-05,7.0155e-06,1.1179e-05,7.9560e-06,1.2845e-05,9.2880e-06,1.4356e-05,1.8209e-05,2.1432e-04,2.6324e-03,3.2798e-03,,,,,,,,,4,213913.8,53478.5,0
passthrough-tmpfs-2-500-1000-4.txt,,,,,,passthrough,tmpfs,2,,,500,1000,,md,4.6550e-06,8.0130e-06,6.0870e-06,1.0420e-05,7.0155e-06,1.1179e-05,7.9560e-06,1.2845e-05,9.2880e-06,1.4356e-05,1.8209e-05,2.1432e-04,2.6324e-03,3.2798e-03,,,,,,,,,4,213913.8,53478.5,0
passthrough-tmpfs-3-200-1000-1.txt,,,,,,passthrough,tmpfs,3,,,200,1000,,md,7.0110e-06,1.1200e-05,1.0199e-05,1.6117e-05,1.0412e-05,1.6745e-05,1.8093e-05,2.8368e-05,1.9120e-05,2.9535e-05,2.9985e-05,4.6623e-05,3.4665e-05,4.6950e-05,,,,,,,,,1,72089.4,18022.3,0
passthrough-tmpfs-3-200-1000-1.txt,,,,,,passthrough,tmpfs,3,,,200,1000,,md,7.0110e-06,1.1200e-05,1.0199e-05,1.6117e-05,1.0412e-05,1.6745e-05,1.8093e-05,2.8368e-05,1.9120e-05,2.9535e-05,2.9985e-05,4.6623e-05,3.4665e-05,4.6950e-05,,,,,,,,,1,72089.4,18022.3,0
passthrough-tmpfs-3-200-1000-2.txt,,,,,,passthrough,tmpfs,3,,,200,1000,,md,3.9240e-06,5.9250e-06,4.7860e-06,7.1350e-06,4.8755e-06,7.2815e-06,5.1290e-06,7.8650e-06,6.7930e-06,1.0650e-05,1.1773e-05,1.7962e-05,2.1003e-05,2.3319e-05,,,,,,,,,2,370037.7,92509.4,0
passthrough-tmpfs-3-200-1000-2.txt,,,,,,passthrough,tmpfs,3,,,200,1000,,md,3.9240e-06,5.9250e-06,4.7860e-06,7.1350e-06,4.8755e-06,7.2815e-06,5.1290e-06,7.8650e-06,6.7930e-06,1.0650e-05,1.1773e-05,1.7962e-05,2.1003e-05,2.3319e-05,,,,,,,,,2,370037.7,92509.4,0
passthrough-tmpfs-3-200-1000-3.txt,,,,,,passthrough,tmpfs,3,,,200,1000,,md,3.6520e-06,5.5540e-06,4.5510e-06,6.2640e-06,6.0430e-06,9.9510e-06,6.7000e-06,1.0262e-05,7.4720e-06,1.1091e-05,1.2489e-05,1.9652e-05,2.4158e-05,2.4685e-05,,,,,,,,,3,424605.2,106151.3,0
passthrough-tmpfs-3-200-1000-3.txt,,,,,,passthrough,tmpfs,3,,,200,1000,,md,3.6520e-06,5.5540e-06,4.5510e-06,6.2640e-06,6.0430e-06,9.9510e-06,6.7000e-06,1.0262e-05,7.4720e-06,1.1091e-05,1.2489e-05,1.9652e-05,2.4158e-05,2.4685e-05,,,,,,,,,3,424605.2,106151.3,0
passthrough-tmpfs-3-200-1000-4.txt,,,,,,passthrough,tmpfs,3,,,200,1000,,md,4.4370e-06,7.5880e-06,5.6740e-06,9.8920e-06,6.3755e-06,1.0203e-05,6.6850e-06,1.0709e-05,7.3870e-06,1.2706e-05,1.4866e-05,2.0223e-05,2.0870e-05,9.8985e-03,,,,,,,,,4,207367.8,51842.0,0
passthrough-tmpfs-3-200-1000-4.txt,,,,,,passthrough,tmpfs,3,,,200,1000,,md,4.4370e-06,7.5880e-06,5.6740e-06,9.8920e-06,6.3755e-06,1.0203e-05,6.6850e-06,1.0709e-05,7.3870e-06,1.2706e-05,1.4866e-05,2.0223e-05,2.0870e-05,9.8985e-03,,,,,,,,,4,207367.8,51842.0,0
passthrough-tmpfs-3-500-1000-1.txt,,,,,,passthrough,tmpfs,3,,,500,1000,,md,3.8350e-06,5.8730e-06,4.5660e-06,7.0490e-06,4.8505e-06,7.7940e-06,5.7050e-06,8.7770e-06,6.0950e-06,9.2170e-06,1.0048e-05,1.3718e-05,1.5093e-05,1.3158e-04,,,,,,,,,1,186192.2,46548.1,0
passthrough-tmpfs-3-500-1000-1.txt,,,,,,passthrough,tmpfs,3,,,500,1000,,md,3.8350e-06,5.8730e-06,4.5660e-06,7.0490e-06,4.8505e-06,7.7940e-06,5.7050e-06,8.7770e-06,6.0950e-06,9.2170e-06,1.0048e-05,1.3718e-05,1.5093e-05,1.3158e-04,,,,,,,,,1,186192.2,46548.1,0
passthrough-tmpfs-3-500-1000-2.txt,,,,,,passthrough,tmpfs,3,,,500,1000,,md,3.9880e-06,5.9370e-06,4.1620e-06,6.3300e-06,4.7565e-06,7.0960e-06,4.9420e-06,7.5300e-06,6.0440e-06,9.3320e-06,1.0752e-05,1.5811e-05,2.2643e-05,2.5198e-05,,,,,,,,,2,403448.6,100862.1,0
passthrough-tmpfs-3-500-1000-2.txt,,,,,,passthrough,tmpfs,3,,,500,1000,,md,3.9880e-06,5.9370e-06,4.1620e-06,6.3300e-06,4.7565e-06,7.0960e-06,4.9420e-06,7.5300e-06,6.0440e-06,9.3320e-06,1.0752e-05,1.5811e-05,2.2643e-05,2.5198e-05,,,,,,,,,2,403448.6,100862.1,0
passthrough-tmpfs-3-500-1000-3.txt,,,,,,passthrough,tmpfs,3,,,500,1000,,md,3.6730e-06,5.8580e-06,4.2260e-06,6.7940e-06,6.1120e-06,1.0157e-05,6.7240e-06,1.0731e-05,7.2070e-06,1.2028e-05,1.2342e-05,1.9845e-05,6.4905e-05,5.6359e-05,,,,,,,,,3,415150.7,103787.7,0
passthrough-tmpfs-3-500-1000-3.txt,,,,,,passthrough,tmpfs,3,,,500,1000,,md,3.6730e-06,5.8580e-06,4.2260e-06,6.7940e-06,6.1120e-06,1.0157e-05,6.7240e-06,1.0731e-05,7.2070e-06,1.2028e-05,1.2342e-05,1.9845e-05,6.4905e-05,5.6359e-05,,,,,,,,,3,415150.7,103787.7,0
passthrough-tmpfs-3-500-1000-4.txt,,,,,,passthrough,tmpfs,3,,,500,1000,,md,4.7720e-06,7.7870e-06,5.4810e-06,1.0325e-05,5.7910e-06,1.0674e-05,6.6530e-06,1.1300e-05,7.2750e-06,1.3203e-05,1.1989e-05,2.1536e-05,8.9607e-04,9.9310e-04,,,,,,,,,4,519284.0,129821.0,0
passthrough-tmpfs-3-500-1000-4.txt,,,,,,passthrough,tmpfs,3,,,500,1000,,md,4.7720e-06,7.7870e-06,5.4810e-06,1.0325e-05,5.7910e-06,1.0674e-05,6.6530e-06,1.1300e-05,7.2750e-06,1.3203e-05,1.1989e-05,2.1536e-05,8.9607e-04,9.9310e-04,,,,,,,,,4,519284.0,129821.0,0
